PID     Executable Path                                                                                                                                                                  
-----   ---------------------------------------------------------------------------------------------------------------------------------------------------------------------------------
1       /sbin/launchd                                                                                                                                                                    
20940   /usr/libexec/UserEventAgent                                                                                                                                                      
20941   /usr/libexec/centaurid                                                                                                                                                           
20942   /usr/libexec/logd                                                                                                                                                                
20943   /usr/libexec/runningboardd                                                                                                                                                       
20944   /System/Library/CoreServices/SpringBoard.app/SpringBoard                                                                                                                         
20946   /System/Library/PrivateFrameworks/AssistantServices.framework/assistantd                                                                                                         
20947   /usr/libexec/routined                                                                                                                                                            
20948   /System/Library/PrivateFrameworks/MediaRemote.framework/Support/mediaremoted                                                                                                     
20949   /System/Library/Frameworks/Accounts.framework/accountsd                                                                                                                          
20950   /System/Library/PrivateFrameworks/AXAssetLoader.framework/Support/axassetsd                                                                                                      
20953   /usr/libexec/terminusd                                                                                                                                                           
20955   /usr/libexec/configd                                                                                                                                                             
20958   /System/Library/PrivateFrameworks/TCC.framework/Support/tccd                                                                                                                     
20959   /System/Library/CoreServices/powerd.bundle/powerd                                                                                                                                
20961   /usr/libexec/atc                                                                                                                                                                 
20964   /System/Library/PrivateFrameworks/BiomeStreams.framework/Support/biomed                                                                                                          
20965   /usr/sbin/wifid                                                                                                                                                                  
20971   /System/Library/PrivateFrameworks/MobileTimer.framework/Executables/mobiletimerd                                                                                                 
20973   /usr/libexec/watchdogd                                                                                                                                                           
20974   /usr/libexec/nfcd                                                                                                                                                                
20975   /System/Library/PrivateFrameworks/IDS.framework/identityservicesd.app/identityservicesd                                                                                          
20978   /usr/libexec/thermalmonitord                                                                                                                                                     
20979   /System/Library/PrivateFrameworks/CoreDuetContext.framework/Resources/contextstored                                                                                              
20980   /usr/libexec/cameracaptured                                                                                                                                                      
20981   /usr/libexec/appprotectiond                                                                                                                                                      
20982   /usr/libexec/bulletindistributord                                                                                                                                                
20983   /usr/libexec/backboardd                                                                                                                                                          
20985   /usr/libexec/aonsensed                                                                                                                                                           
20988   /usr/libexec/timed                                                                                                                                                               
20989   /usr/libexec/sharingd                                                                                                                                                            
20991   /usr/libexec/locationd                                                                                                                                                           
20993   /usr/libexec/powerexceptionsd                                                                                                                                                    
20994   /System/Library/PrivateFrameworks/IMCore.framework/imagent.app/imagent                                                                                                           
20995   /usr/libexec/containermanagerd                                                                                                                                                   
20996   /usr/libexec/audioaccessoryd                                                                                                                                                     
21000   /System/Library/PrivateFrameworks/SleepDaemon.framework/sleepd                                                                                                                   
21005   /System/Library/CoreServices/OTACrashCopier                                                                                                                                      
21008   /usr/libexec/peakpowermanagerd                                                                                                                                                   
21010   /usr/libexec/safetyalertsd                                                                                                                                                       
21011   /usr/libexec/rapportd                                                                                                                                                            
21013   /usr/sbin/bluetoothd                                                                                                                                                             
21014   /System/Library/PrivateFrameworks/AppleMediaServices.framework/amsaccountsd                                                                                                      
21015   /usr/sbin/fairplayd.H2                                                                                                                                                           
21016   /System/Library/Frameworks/CoreTelephony.framework/Support/CommCenter                                                                                                            
21017   /usr/libexec/fseventsd                                                                                                                                                           
21019   /usr/libexec/IOMFB_bics_daemon                                                                                                                                                   
21021   /usr/sbin/distnoted                                                                                                                                                              
21022   /usr/sbin/notifyd                                                                                                                                                                
21023   /usr/libexec/usermanagerd                                                                                                                                                        
21024   /usr/sbin/cfprefsd                                                                                                                                                               
21025   /usr/sbin/cfprefsd                                                                                                                                                               
21027   /usr/libexec/containermanagerd_system                                                                                                                                            
21028   /System/Library/PrivateFrameworks/ChronoCore.framework/Support/chronod                                                                                                           
21031   /System/Library/PrivateFrameworks/SystemStatusServer.framework/Support/systemstatusd                                                                                             
21033   /System/Library/Frameworks/LocalAuthentication.framework/Support/coreauthd                                                                                                       
21034   /usr/libexec/lsd                                                                                                                                                                 
21035   /usr/libexec/mobileassetd                                                                                                                                                        
21037   /usr/libexec/securityd                                                                                                                                                           
21039   /usr/libexec/biometrickitd                                                                                                                                                       
21040   /usr/libexec/powerexperienced                                                                                                                                                    
21042   /usr/libexec/spotlightknowledged.updater                                                                                                                                         
21046   /System/Library/PrivateFrameworks/SessionCore.framework/Support/liveactivitiesd                                                                                                  
21050   /usr/libexec/nanoregistryd                                                                                                                                                       
21051   /usr/libexec/audiomxd                                                                                                                                                            
21052   /System/Library/Frameworks/Contacts.framework/Support/contactsd                                                                                                                  
21053   /usr/sbin/appleh16camerad                                                                                                                                                        
21054   /usr/libexec/MobileGestaltHelper                                                                                                                                                 
21055   /usr/libexec/dmd                                                                                                                                                                 
21056   /usr/libexec/trustd                                                                                                                                                              
21060   /System/Library/PrivateFrameworks/ApplePushService.framework/apsd                                                                                                                
21061   /usr/libexec/clocksyncd                                                                                                                                                          
21062   /System/Library/PrivateFrameworks/UserNotificationsCore.framework/Support/usernotificationsd                                                                                     
21063   /usr/libexec/nehelper                                                                                                                                                            
21064   /System/Library/PrivateFrameworks/AppConduit.framework/Support/appconduitd                                                                                                       
21065   /System/Library/Frameworks/CoreTelephony.framework/Support/CommCenterMobileHelper                                                                                                
21068   /usr/sbin/filecoordinationd                                                                                                                                                      
21070   /System/Library/PrivateFrameworks/GeoServices.framework/geod                                                                                                                     
21071   /Applications/InputUI.app/InputUI                                                                                                                                                
21072   /System/Library/PrivateFrameworks/CalendarDaemon.framework/Support/calaccessd                                                                                                    
21073   /usr/libexec/symptomsd                                                                                                                                                           
21075   /usr/libexec/carkitd                                                                                                                                                             
21076   /System/Library/PrivateFrameworks/CloudKitDaemon.framework/Support/cloudd                                                                                                        
21078   /System/Library/CoreServices/AccessibilityUIServer.app/AccessibilityUIServer                                                                                                     
21080   /usr/libexec/profiled                                                                                                                                                            
21081   /System/Library/PrivateFrameworks/WatchListKit.framework/Support/watchlistd                                                                                                      
21083   /System/Library/PrivateFrameworks/ModelCatalogRuntime.framework/modelcatalogd                                                                                                    
21086   /System/Library/PrivateFrameworks/iTunesCloud.framework/Support/itunescloudd                                                                                                     
21087   /usr/libexec/fmflocatord                                                                                                                                                         
21088   /usr/libexec/findmydeviced                                                                                                                                                       
21090   /System/Library/PrivateFrameworks/AppStoreDaemon.framework/Support/appstored                                                                                                     
21091   /System/Library/PrivateFrameworks/DoNotDisturbServer.framework/Support/donotdisturbd                                                                                             
21094   /Applications/Siri AI.app/Siri AI                                                                                                                                                
21095   /usr/libexec/audioanalyticsd                                                                                                                                                     
21096   /usr/libexec/linkd                                                                                                                                                               
21099   /usr/libexec/networkserviceproxy                                                                                                                                                 
21103   /System/Library/PrivateFrameworks/AgentSessionKitRuntime.framework/agentstored                                                                                                   
21111   /System/Library/Frameworks/CryptoTokenKit.framework/ctkd                                                                                                                         
21112   /System/Library/Frameworks/SystemConfiguration.framework/SCHelper                                                                                                                
21114   /usr/libexec/manageddeviced                                                                                                                                                      
21119   /usr/libexec/nearbyd                                                                                                                                                             
21123   /System/Library/PrivateFrameworks/CoreAnalytics.framework/Support/analyticsd                                                                                                     
21124   /usr/libexec/nsurlsessiond                                                                                                                                                       
21125   /System/Library/PrivateFrameworks/IntelligenceFlowRuntime.framework/intelligenceflowd                                                                                            
21126   /System/Library/PrivateFrameworks/GenerativeExperiencesRuntime.framework/generativeexperiencesd                                                                                  
21127   /usr/libexec/modelmanagerd                                                                                                                                                       
21129   /System/Library/PrivateFrameworks/IntelligenceFlowContextRuntime.framework/intelligencecontextd                                                                                  
21130   /System/Library/DriverExtensions/AppleCentauriControl.dext/AppleCentauriControl                                                                                                  
21131   /System/Library/DriverExtensions/AppleCentauriAlpha.dext/AppleCentauriAlpha                                                                                                      
21132   /System/Library/DriverExtensions/AppleCentauriBeta.dext/AppleCentauriBeta                                                                                                        
21135   /usr/libexec/aned                                                                                                                                                                
21142   /usr/libexec/pkd                                                                                                                                                                 
21145   /usr/libexec/milod                                                                                                                                                               
21148   /System/Library/PrivateFrameworks/AuthKit.framework/akd                                                                                                                          
21167   /System/Library/PrivateFrameworks/CoreSpeech.framework/corespeechd                                                                                                               
21168   /System/Library/Frameworks/AudioToolbox.framework/XPCServices/AudioConverterService.xpc/AudioConverterService                                                                    
21171   /System/Library/PrivateFrameworks/CoreAccessories.framework/Support/accessoryd                                                                                                   
21173   /usr/libexec/transparencyd                                                                                                                                                       
21174   /usr/libexec/rtcreportingd                                                                                                                                                       
21176   /usr/libexec/corecaptured                                                                                                                                                        
21179   /System/Library/DriverExtensions/com.apple.AppleUserHIDDrivers.dext/com.apple.AppleUserHIDDrivers                                                                                
21180   /System/Library/PrivateFrameworks/ContextKit.framework/XPCServices/ContextService.xpc/ContextService                                                                             
21187   /System/Library/PrivateFrameworks/InstallCoordination.framework/Support/installcoordinationd                                                                                     
21188   /usr/libexec/cryptexd                                                                                                                                                            
21189   /System/Library/PrivateFrameworks/HomeKitDaemon.framework/Support/homed                                                                                                          
21202   /usr/libexec/searchpartyd                                                                                                                                                        
21206   /usr/libexec/adid                                                                                                                                                                
21208   /usr/sbin/BTLEServer                                                                                                                                                             
21211   /System/Library/Frameworks/FileProvider.framework/Support/fileproviderd                                                                                                          
21216   /System/Library/PrivateFrameworks/CoreSuggestions.framework/suggestd                                                                                                             
21224   /usr/libexec/installd                                                                                                                                                            
21226   /System/Library/PrivateFrameworks/UserActivity.framework/Agents/useractivityd                                                                                                    
21227   /System/Library/PrivateFrameworks/NeighborhoodActivityConduit.framework/XPCServices/com.apple.NeighborhoodActivityConduitService.xpc/com.apple.NeighborhoodActivityConduitService
21228   /System/Library/PrivateFrameworks/StatusKit.framework/StatusKitAgent                                                                                                             
21230   /usr/libexec/wifip2pd                                                                                                                                                            
21235   /System/Library/ExtensionKit/Extensions/MercuryPosterExtension.appex/MercuryPosterExtension                                                                                      
21237   /System/Library/PrivateFrameworks/HearingCore.framework/heard                                                                                                                    
21239   /System/Library/PrivateFrameworks/CommunicationsFilter.framework/CMFSyncAgent                                                                                                    
21241   /usr/libexec/gamed                                                                                                                                                               
21252   /usr/libexec/intelligentroutingd                                                                                                                                                 
21253   /usr/libexec/textunderstandingd                                                                                                                                                  
21255   /Applications/FindMyExtensionContainer.app/PlugIns/FindMyDeviceBluetoothExtension.appex/FindMyDeviceBluetoothExtension                                                           
21263   /usr/libexec/videocodecd                                                                                                                                                         
21264   /usr/libexec/gamepolicyd                                                                                                                                                         
21268   /usr/libexec/watchpresenced                                                                                                                                                      
21269   /System/Library/PrivateFrameworks/MapsSync.framework/mapssyncd                                                                                                                   
21274   /usr/libexec/resourcegrabberd                                                                                                                                                    
21278   /Applications/FindMyExtensionContainer.app/PlugIns/FMDMagSafeExtension.appex/FMDMagSafeExtension                                                                                 
21311   /System/Library/PrivateFrameworks/iTunesStore.framework/Support/itunesstored                                                                                                     
21329   /System/Library/PrivateFrameworks/OnDeviceStorage.framework/Support/amsondevicestoraged                                                                                          
21354   /usr/libexec/mediaplaybackd                                                                                                                                                      
21368   /System/Library/PrivateFrameworks/JetCore.framework/Support/jetpackassetd                                                                                                        
21382   /usr/libexec/promotedcontentd                                                                                                                                                    
21391   /usr/libexec/nanomediaremotelinkagent                                                                                                                                            
21392   /System/Library/PrivateFrameworks/BookLibraryCore.framework/Support/bookassetd                                                                                                   
21406   /System/Library/PrivateFrameworks/CloudPhotoLibrary.framework/Support/cloudphotod                                                                                                
21423   /System/Library/PrivateFrameworks/CloudDocs.framework/PlugIns/com.apple.CloudDocs.iCloudDriveFileProvider.appex/com.apple.CloudDocs.iCloudDriveFileProvider                      
21425   /System/Library/PrivateFrameworks/FileIndexerDaemon.framework/Support/fileindexerd                                                                                               
21426   /System/Library/PrivateFrameworks/FileProviderDaemon.framework/XPCServices/FPCKService.xpc/FPCKService                                                                           
21429   /usr/libexec/diagnosticextensionsd                                                                                                                                               
21461   /System/Library/PrivateFrameworks/IntelligencePlatformCompute.framework/XPCServices/IntelligencePlatformComputeService.xpc/IntelligencePlatformComputeService                    
21487   /System/Library/PrivateFrameworks/SiriInference.framework/Support/siriinferenced                                                                                                 
21496   /System/Library/ExtensionKit/Extensions/TGOnDeviceInferenceProviderService.appex/TGOnDeviceInferenceProviderService                                                              
21516   /usr/libexec/anomalydetectiond                                                                                                                                                   
21528   /System/Library/PrivateFrameworks/SoftwareUpdateServices.framework/Support/softwareupdateservicesd                                                                               
21548   /System/Library/PrivateFrameworks/PrivateCloudCompute.framework/privatecloudcomputed.app/privatecloudcomputed                                                                    
21549   /System/Library/PrivateFrameworks/CoreEmbeddedSpeechRecognition.framework/XPCServices/com.apple.siri.embeddedspeech.xpc/com.apple.siri.embeddedspeech                            
21554   /System/Library/PrivateFrameworks/DataAccess.framework/Support/dataaccessd                                                                                                       
21609   /usr/libexec/gamecontrollerd                                                                                                                                                     
21613   /System/Library/PrivateFrameworks/MediaMLServices.framework/XPCServices/mediamlxpc.xpc/mediamlxpc                                                                                
21650   /System/Library/PrivateFrameworks/Synapse.framework/Support/contentlinkingd                                                                                                      
21928   /usr/libexec/photosfaced                                                                                                                                                         
22004   /usr/sbin/WirelessRadioManagerd                                                                                                                                                  
22051   /System/Library/PrivateFrameworks/EyeRelief.framework/Resources/eyereliefd                                                                                                       
22064   /System/Library/PrivateFrameworks/SafariSafeBrowsing.framework/com.apple.Safari.SafeBrowsing.Service                                                                             
22066   /usr/libexec/airplayd                                                                                                                                                            
22100   /System/Library/Frameworks/HealthKit.framework/healthd                                                                                                                           
22107   /System/Library/CoreServices/BluetoothUIService.app/BluetoothUIService                                                                                                           
22152   /System/Library/PrivateFrameworks/DragUI.framework/Support/druid                                                                                                                 
22189   /System/Library/PrivateFrameworks/OmniSearch.framework/searchtoold                                                                                                               
22190   /System/Library/Frameworks/AudioToolbox.framework/XPCServices/AudioConverterService.xpc/AudioConverterService                                                                    
22239   /usr/libexec/riskdatad                                                                                                                                                           
22501   /System/Library/PrivateFrameworks/VoiceShortcuts.framework/Support/siriactionsd                                                                                                  
22606   /System/Library/CoreServices/CarPlay.app/CarPlay                                                                                                                                 
22714   /usr/libexec/caraccessoryd                                                                                                                                                       
22718   /System/Library/PrivateFrameworks/FaceTimeMessageStore.framework/facetimemessagestored                                                                                           
22736   /System/Library/PrivateFrameworks/NanoPreferencesSync.framework/nanoprefsyncd                                                                                                    
22817   /usr/libexec/diskarbitrationd                                                                                                                                                    
22997   /usr/libexec/findmylocated                                                                                                                                                       
23000   /System/Library/CoreServices/osanalyticshelper                                                                                                                                   
23047   /usr/libexec/ospredictiond                                                                                                                                                       
23241   /System/Library/PrivateFrameworks/NanoPassKit.framework/NPKCompanionAgent                                                                                                        
23244   /System/Library/PrivateFrameworks/PassKitCore.framework/passd                                                                                                                    
23246   /Applications/WidgetRenderer_Default.app/WidgetRenderer_Default                                                                                                                  
23485   /usr/libexec/avconferenced                                                                                                                                                       
23601   /System/Library/PrivateFrameworks/AssistantServices.framework/assistant_service                                                                                                  
23856   /System/Library/PrivateFrameworks/NewDeviceOutreach.framework/ndoagent                                                                                                           
23857   /usr/libexec/PowerUIAgent                                                                                                                                                        
23874   /System/Library/PrivateFrameworks/CoreAccessoriesFeatures.framework/XPCServices/ACCNowPlayingFeature.xpc/ACCNowPlayingFeature                                                    
24258   /System/Library/PrivateFrameworks/CoreThreadRadio.framework/threadradiod                                                                                                         
24412   /System/Library/PrivateFrameworks/SiriPrivateLearningAnalytics.framework/PlugIns/SiriUserFeedbackLearningPlatformPlugin.appex/SiriUserFeedbackLearningPlatformPlugin             
24419   /System/Library/PrivateFrameworks/CloudTelemetry.framework/Support/cloudtelemetryd                                                                                               
24486   /System/Library/PrivateFrameworks/SocialLayer.framework/sociallayerd.app/sociallayerd                                                                                            
25021   /usr/libexec/pfd                                                                                                                                                                 
25073   /usr/libexec/gpsd                                                                                                                                                                
25164   /System/Library/PrivateFrameworks/AppStoreComponents.framework/Support/appstorecomponentsd                                                                                       
25167   /System/Library/PrivateFrameworks/SeymourServices.framework/fitcoresessiond                                                                                                      
25223   /usr/libexec/frauddefensed                                                                                                                                                       
25277   /System/Library/PrivateFrameworks/MediaAnalysis.framework/mediaanalysisd                                                                                                         
25284   /System/Library/PrivateFrameworks/CoreParsec.framework/parsecd                                                                                                                   
25285   /System/Library/PrivateFrameworks/Pasteboard.framework/Support/pasted                                                                                                            
25404   /usr/sbin/BTAvrcp                                                                                                                                                                
25465   /System/Library/Frameworks/FinanceKit.framework/financed                                                                                                                         
25487   /System/Library/Frameworks/GSS.framework/Helpers/GSSCred                                                                                                                         
25640   /usr/libexec/announced                                                                                                                                                           
25684   /System/Library/PrivateFrameworks/PhotoAnalysis.framework/Support/photoanalysisd                                                                                                 
26379   /usr/libexec/remindd                                                                                                                                                             
26451   /System/Library/Frameworks/MediaAccessibility.framework/XPCServices/com.apple.accessibility.mediaaccessibilityd.xpc/com.apple.accessibility.mediaaccessibilityd                  
26572   /private/var/containers/Bundle/Application/A80CCDA8-C544-4166-B680-6FDEF6F45EED/Discord.app/Discord                                                                              
26711   /System/Library/PrivateFrameworks/VisualVoicemail.framework/vmd                                                                                                                  
26751   /Applications/Family.app/Family                                                                                                                                                  
26771   /usr/libexec/nesessionmanager                                                                                                                                                    
26796   /usr/libexec/icloudmailagent                                                                                                                                                     
26838   /usr/libexec/srp-mdns-proxy                                                                                                                                                      
26971   /System/Library/PrivateFrameworks/EmailDaemon.framework/maild                                                                                                                    
26983   /System/Library/PrivateFrameworks/BookDataStore.framework/Support/bookdatastored                                                                                                 
27018   /System/Library/PrivateFrameworks/IntelligencePlatformCore.framework/intelligenceplatformd                                                                                       
27021   /System/Library/Frameworks/AssetsLibrary.framework/Support/assetsd                                                                                                               
27040   /usr/libexec/duetexpertd                                                                                                                                                         
27051   /usr/libexec/nptocompaniond                                                                                                                                                      
27053   /System/Library/PrivateFrameworks/PrivacyAccounting.framework/Versions/A/Resources/privacyaccountingd                                                                            
27054   /System/Library/PrivateFrameworks/iCloudDriveCore.framework/bird                                                                                                                 
27056   /usr/libexec/siriknowledged                                                                                                                                                      
27060   /System/Library/PrivateFrameworks/AssetCacheServices.framework/XPCServices/AssetCacheLocatorService.xpc/AssetCacheLocatorService                                                 
27062   /usr/libexec/inputanalyticsd                                                                                                                                                     
27065   /Applications/StickerPickerService.app/StickerPickerService                                                                                                                      
27071   /System/Library/PrivateFrameworks/SyncedDefaults.framework/Support/syncdefaultsd                                                                                                 
27075   /System/Library/PrivateFrameworks/FontServices.framework/Support/fontservicesd                                                                                                   
27084   /usr/libexec/swcd                                                                                                                                                                
27098   /System/Library/PrivateFrameworks/CoreEmbeddedSpeechRecognition.framework/speechmaintenanced                                                                                     
27099   /usr/libexec/hybridsearchd                                                                                                                                                       
27101   /System/Library/PrivateFrameworks/CascadeSets.framework/XPCServices/SetStoreUpdateService.xpc/SetStoreUpdateService                                                              
27108   /usr/libexec/applekeystored                                                                                                                                                      
27150   /System/Library/PrivateFrameworks/IMDPersistence.framework/XPCServices/IMDPersistenceAgent.xpc/IMDPersistenceAgent                                                               
27170   /System/Library/PrivateFrameworks/iCloudNotification.framework/ind                                                                                                               
27173   /System/Library/Frameworks/QuickLookThumbnailing.framework/Support/com.apple.quicklook.ThumbnailsAgent                                                                           
27178   /System/Library/PrivateFrameworks/CallHistory.framework/Support/CallHistorySyncHelper                                                                                            
27180   /usr/libexec/asd                                                                                                                                                                 
27181   /System/Library/PrivateFrameworks/MediaConversionService.framework/XPCServices/com.apple.photos.ImageConversionService.xpc/com.apple.photos.ImageConversionService               
27248   /System/Library/PrivateFrameworks/Search.framework/searchd                                                                                                                       
27457   /usr/libexec/mediaparserd                                                                                                                                                        
27460   /System/Library/PrivateFrameworks/CascadeSets.framework/XPCServices/SetStoreUpdateService.xpc/SetStoreUpdateService                                                              
27462   /System/Library/CoreServices/iconservicesagent                                                                                                                                   
27472   /System/Library/PrivateFrameworks/DeviceCheckInternal.framework/devicecheckd                                                                                                     
27475   /System/Library/PrivateFrameworks/MediaConversionService.framework/XPCServices/com.apple.photos.VideoConversionService.xpc/com.apple.photos.VideoConversionService               
27498   /System/Library/CoreServices/ReportCrash                                                                                                                                         
27499   /System/Library/CoreServices/ReportSystemMemory                                                                                                                                  
27501   /System/Library/PrivateFrameworks/CoreSymbolication.framework/coresymbolicationd                                                                                                 
27502   /System/Library/CoreServices/diagnosticservicesd                                                                                                                                 
27527   /System/Library/PrivateFrameworks/UsageTracking.framework/UsageTrackingAgent                                                                                                     
27543   /System/Library/TextInput/kbd                                                                                                                                                    
27593   /System/Library/PrivateFrameworks/CloudKitDaemon.framework/Support/ckdiscretionaryd                                                                                              
27648   /System/Library/PrivateFrameworks/CoreRecents.framework/recentsd                                                                                                                 
27662   /System/Library/Frameworks/Translation.framework/translationd                                                                                                                    
27679   /System/Library/PrivateFrameworks/CascadeSets.framework/XPCServices/SetStoreUpdateService.xpc/SetStoreUpdateService                                                              
27680   /System/Library/PrivateFrameworks/AppPredictionFoundation.framework/XPCServices/AppPredictionIntentsHelperService.xpc/AppPredictionIntentsHelperService                          
27692   /private/preboot/Cryptexes/App/usr/libexec/AuthenticationServicesAgent                                                                                                           
27693   /usr/libexec/keychainsharingmessagingd                                                                                                                                           
27704   /usr/sbin/mDNSResponder                                                                                                                                                          
27721   /usr/libexec/mobileactivationd                                                                                                                                                   
27724   /private/preboot/Cryptexes/App/usr/libexec/SafariBookmarksSyncAgent                                                                                                              
27735   /private/preboot/Cryptexes/App/usr/libexec/com.apple.Safari.History                                                                                                              
27799   /System/Library/PrivateFrameworks/ReplicatorCore.framework/Support/replicatord                                                                                                   
27923   /usr/libexec/wcd                                                                                                                                                                 
27930   /System/Library/PrivateFrameworks/WebPrivacy.framework/webprivacyd                                                                                                               
27938   /System/Library/PrivateFrameworks/CoreSuggestions.framework/reversetemplated                                                                                                     
27947   /usr/libexec/metrickitd                                                                                                                                                          
27958   /System/Library/PrivateFrameworks/AppSSO.framework/Support/AppSSODaemon                                                                                                          
28008   /System/Library/PrivateFrameworks/PowerLog.framework/XPCServices/PerfPowerTelemetryClientRegistrationService.xpc/PerfPowerTelemetryClientRegistrationService                     
28011   /System/Library/PrivateFrameworks/CascadeSets.framework/XPCServices/SetStoreUpdateService.xpc/SetStoreUpdateService                                                              
28077   /private/var/containers/Bundle/Application/DCA4454C-B111-442E-AA2F-9A7EDE202080/Twitter.app/Twitter                                                                              
28149   /System/Library/Filesystems/apfs.fs/apfs_iosd                                                                                                                                    
28150   /System/Library/Frameworks/WirelessInsights.framework/Support/wirelessinsightsd                                                                                                  
28151   /usr/libexec/dasd                                                                                                                                                                
28165   /private/var/containers/Bundle/Application/F6003707-55BC-4664-9724-55611CE2B7E7/ChatGPT.app/ChatGPT                                                                              
28187   /private/var/containers/Bundle/Application/2D8BFEAD-9E3D-4B1C-A815-F2BDC84462ED/WhatsApp.app/WhatsApp                                                                            
28191   /private/var/containers/Bundle/Application/6482D94D-A80A-423C-9E4F-03846AF92B6A/MobileMail.app/MobileMail                                                                        
28202   /System/Library/PrivateFrameworks/DocumentManagerCore.framework/XPCServices/com.apple.DocumentManagerCore.Downloads.xpc/com.apple.DocumentManagerCore.Downloads                  
28223   /usr/libexec/symptomsd-diag                                                                                                                                                      
28224   /System/Library/PrivateFrameworks/CacheDelete.framework/deleted                                                                                                                  
28238   /System/Library/PrivateFrameworks/ScreenTimeSettingsFoundation.framework/ScreenTimeSettingsAgent                                                                                 
28239   /System/Library/PrivateFrameworks/ScreenTimeCore.framework/ScreenTimeAgent                                                                                                       
28240   /System/Library/PrivateFrameworks/FamilyCircle.framework/familycircled                                                                                                           
28241   /usr/libexec/appleaccountd                                                                                                                                                       
28242   /System/Library/PrivateFrameworks/CoreFollowUp.framework/followupd                                                                                                               
28243   /System/Library/Frameworks/FamilyControls.framework/FamilyControlsAgent                                                                                                          
28244   /System/Library/Frameworks/ManagedSettings.framework/ManagedSettingsAgent                                                                                                        
28245   /System/Library/PrivateFrameworks/DataMigration.framework/XPCServices/com.apple.datamigrator.xpc/com.apple.datamigrator                                                          
28249   /System/Library/PrivateFrameworks/DeviceConfiguration.framework/deviceconfigurationd                                                                                             
28250   /usr/libexec/misd                                                                                                                                                                
28252   /System/Library/PrivateFrameworks/ActionPredictionHeuristics.framework/XPCServices/HeuristicInterpreter.xpc/HeuristicInterpreter                                                 
28253   /usr/libexec/keybagd                                                                                                                                                             
28255   /System/Library/PrivateFrameworks/CoreCDP.framework/cdpd                                                                                                                         
28256   /usr/libexec/appleidsetupd                                                                                                                                                       
28258   /System/Library/PrivateFrameworks/AppleCredentialManager.framework/AppleCredentialManagerDaemon                                                                                  
28260   /System/Library/PrivateFrameworks/FitnessCoachingServices.framework/fitnesscoachingd                                                                                             
28264   /usr/libexec/fskitd                                                                                                                                                              
28267   /System/Library/PrivateFrameworks/UserFS.framework/userfs_helper                                                                                                                 
28269   /System/Library/ExtensionKit/Extensions/com.apple.fskit.exfat.appex/com.apple.fskit.exfat                                                                                        
28270   /usr/libexec/fskit_helper                                                                                                                                                        
28271   /System/Library/ExtensionKit/Extensions/com.apple.fskit.msdos.appex/com.apple.fskit.msdos                                                                                        
28280   /private/preboot/Cryptexes/OS/System/Library/ExtensionKit/Extensions/GPUExtension.appex/com.apple.WebKit.GPU                                                                     
28282   /private/preboot/Cryptexes/OS/System/Library/ExtensionKit/Extensions/NetworkingExtension.appex/com.apple.WebKit.Networking                                                       
28284   /System/Library/Frameworks/Speech.framework/XPCServices/localspeechrecognition.xpc/localspeechrecognition                                                                        
28290   /System/Library/PrivateFrameworks/MapsSupport.framework/nanomapscd                                                                                                               
28291   /System/Library/PrivateFrameworks/MapsSupport.framework/navd                                                                                                                     
28292   /System/Library/PrivateFrameworks/MapsSupport.framework/mapspushd                                                                                                                
28293   /System/Library/PrivateFrameworks/MapsSuggestions.framework/destinationd                                                                                                         
28301   /Applications/Batteries.app/PlugIns/BatteriesAvocadoWidgetExtension.appex/BatteriesAvocadoWidgetExtension                                                                        
28302   /private/var/containers/Bundle/Application/68B5491E-3731-41CE-9362-2395238A6C32/Camera.app/Camera                                                                                
28304   /private/var/containers/Bundle/Application/84268950-3E0F-40A8-A039-74EA09C51172/Stocks.app/PlugIns/StocksWidget.appex/StocksWidget                                               
28305   /System/Library/PrivateFrameworks/CacheDelete.framework/deleted_helper                                                                                                           
28309   /System/Library/PrivateFrameworks/GeoAnalytics.framework/geoanalyticsd                                                                                                           
28310   /System/Library/PrivateFrameworks/AppleMediaServicesUI.framework/amsengagementd                                                                                                  
28311   /System/Library/Frameworks/MapKit.framework/XPCServices/com.apple.MapKit.SnapshotService.xpc/com.apple.MapKit.SnapshotService                                                    
28312   /usr/libexec/replayd                                                                                                                                                             
28313   /System/Library/CoreServices/CacheDeleteAppContainerCaches                                                                                                                       
28314   /usr/libexec/triald                                                                                                                                                              
28315   /System/Library/PrivateFrameworks/MobileBackup.framework/MobileBackupCacheDeleteService                                                                                          
28316   /usr/libexec/sensorkitd                                                                                                                                                          
28317   /private/preboot/Cryptexes/App/usr/libexec/webbookmarksd                                                                                                                         
28318   /System/Library/PrivateFrameworks/MusicLibrary.framework/Support/medialibraryd                                                                                                   
28319   /System/Library/PrivateFrameworks/TrialServer.framework/XPCServices/TrialArchivingService.xpc/TrialArchivingService                                                              
28320   /usr/libexec/countryd                                                                                                                                                            
28321   /usr/libexec/eligibilityd                                                                                                                                                        
28324   /System/Library/PrivateFrameworks/SpaceAttribution.framework/spaceattributiond                                                                                                   
28325   /System/Library/Frameworks/CoreLocation.framework/XPCServices/maphelperservice.xpc/maphelperservice                                                                              
28328   /usr/libexec/wifianalyticsd                                                                                                                                                      
28338   /System/Library/PrivateFrameworks/CoreAccessoriesFeatures.framework/XPCServices/ACCMediaLibraryFeature.xpc/ACCMediaLibraryFeature                                                
28340   /private/var/containers/Bundle/Application/1B7A6BAD-5632-4977-9ECD-CBC60F975251/Music.app/Music                                                                                  
28344   /System/Library/PrivateFrameworks/AppIntentsLiveEntitySupport.framework/XPCServices/AppIntentsLiveEntityService.xpc/AppIntentsLiveEntityService                                  
28348   /System/Library/Frameworks/MusicKit.framework/Support/musicd                                                                                                                     
28351   /usr/libexec/lskdP7d                                                                                                                                                             
28352   /usr/libexec/fpassetmanagerd                                                                                                                                                     
28354   /usr/libexec/findmybeaconingd                                                                                                                                                    
28358   /usr/libexec/nanoregistrylaunchd                                                                                                                                                 
28359   /System/Library/PrivateFrameworks/People.framework/peopled                                                                                                                       
28361   /private/var/containers/Bundle/Application/F6003707-55BC-4664-9724-55611CE2B7E7/ChatGPT.app/PlugIns/Widgets.appex/Widgets                                                        
28405   /usr/libexec/bluetoothuserd                                                                                                                                                      
28406   /System/Library/PrivateFrameworks/CascadeSets.framework/XPCServices/SetStoreUpdateService.xpc/SetStoreUpdateService                                                              
28407   /usr/libexec/uarpd                                                                                                                                                               
28423   /usr/libexec/assetsubscriptiond                                                                                                                                                  
28426   /private/var/containers/Bundle/Application/2D8BFEAD-9E3D-4B1C-A815-F2BDC84462ED/WhatsApp.app/PlugIns/ServiceExtension.appex/ServiceExtension                                     
28437   /usr/libexec/misagent                                                                                                                                                            
28439   /System/Library/Frameworks/CoreTelephony.framework/Support/CommCenterRootHelper                                                                                                  
28440   /usr/libexec/remoted                                                                                                                                                             
28470   /System/Library/Frameworks/ExtensionFoundation.framework/XPCServices/extensionkitservice.xpc/extensionkitservice                                                                 
28501   /System/Library/Frameworks/AdAttributionKit.framework/Support/attributionkitd                                                                                                    
28503   /usr/libexec/batteryintelligenced                                                                                                                                                
28507   /System/Library/Frameworks/ManagedAppDistribution.framework/Support/managedappdistributiond                                                                                      
28515   /System/Library/Frameworks/StoreKit.framework/Support/storekitd                                                                                                                  
28521   /usr/libexec/PerfPowerServices                                                                                                                                                   
28524   /System/Library/PrivateFrameworks/CloudSubscriptionFeatures.framework/featureaccessd                                                                                             
28526   /usr/libexec/ProxiedCrashCopier                                                                                                                                                  
28533   /usr/libexec/tursd                                                                                                                                                               
28534   /System/Library/PrivateFrameworks/PairedSync.framework/Support/pairedsyncd                                                                                                       
28539   /usr/libexec/feedbackd                                                                                                                                                           
28540   /usr/libexec/mlhostd                                                                                                                                                             
28542   /System/Library/PrivateFrameworks/HomeEnergyDaemon.framework/Support/homeenergyd                                                                                                 
28548   /System/Library/PrivateFrameworks/AppleMediaDiscovery.framework/PlugIns/AMDEngagementExtension.appex/AMDEngagementExtension                                                      
28552   /usr/libexec/remotepairingdeviced                                                                                                                                                
28553   /usr/libexec/managedassetsd                                                                                                                                                      
28556   /private/var/containers/Bundle/Application/48F69D80-A22D-486F-831A-6B744AEFD5E8/Weather.app/PlugIns/WeatherWidget.appex/WeatherWidget                                            
28559   /Applications/MomentsUIService.app/MomentsUIService                                                                                                                              
28575   /usr/libexec/mmaintenanced                                                                                                                                                       
28576   /System/Library/PrivateFrameworks/IntelligenceTasksEngine.framework/Support/intelligencetasksd                                                                                   
28577   /usr/libexec/powerdatad                                                                                                                                                          
28580   /System/Library/PrivateFrameworks/RemoteManagement.framework/remotemanagementd                                                                                                   
28582   /private/preboot/Cryptexes/OS/System/Library/PrivateFrameworks/SafariFoundation.framework/XPCServices/SafariConfigurationSubscriber.xpc/SafariConfigurationSubscriber            
28583   /System/Library/PrivateFrameworks/RemoteManagement.framework/XPCServices/PasscodeSettingsSubscriber.xpc/PasscodeSettingsSubscriber                                               
28584   /System/Library/PrivateFrameworks/RemoteManagement.framework/XPCServices/ManagedAppsSubscriber.xpc/ManagedAppsSubscriber                                                         
28585   /System/Library/PrivateFrameworks/RemoteManagement.framework/XPCServices/ManagementTestSubscriber.xpc/ManagementTestSubscriber                                                   
28586   /System/Library/PrivateFrameworks/RemoteManagement.framework/XPCServices/InteractiveLegacyProfilesSubscriber.xpc/InteractiveLegacyProfilesSubscriber                             
28587   /System/Library/PrivateFrameworks/RemoteManagement.framework/XPCServices/NetworkExtensionSubscriber.xpc/NetworkExtensionSubscriber                                               
28588   /System/Library/PrivateFrameworks/RemoteManagement.framework/XPCServices/AccountSubscriber.xpc/AccountSubscriber                                                                 
28589   /System/Library/PrivateFrameworks/RemoteManagement.framework/XPCServices/SecuritySubscriber.xpc/SecuritySubscriber                                                               
28590   /System/Library/PrivateFrameworks/RemoteManagement.framework/XPCServices/WatchEnrollmentSubscriber.xpc/WatchEnrollmentSubscriber                                                 
28591   /System/Library/PrivateFrameworks/RemoteManagement.framework/XPCServices/SoftwareUpdateSubscriber.xpc/SoftwareUpdateSubscriber                                                   
28592   /System/Library/PrivateFrameworks/RemoteManagement.framework/XPCServices/ManagedSettingsSubscriber.xpc/ManagedSettingsSubscriber                                                 
28593   /System/Library/PrivateFrameworks/RemoteManagement.framework/XPCServices/ASConfigurationSubscriber.xpc/ASConfigurationSubscriber                                                 
28594   /System/Library/PrivateFrameworks/RemoteManagement.framework/XPCServices/ExtensibleSSOSubscriber.xpc/ExtensibleSSOSubscriber                                                     
28595   /System/Library/PrivateFrameworks/RemoteManagement.framework/XPCServices/DeviceConfigurationSubscriber.xpc/DeviceConfigurationSubscriber                                         
28596   /System/Library/PrivateFrameworks/RemoteManagement.framework/XPCServices/LegacyProfilesSubscriber.xpc/LegacyProfilesSubscriber                                                   
28597   /System/Library/PrivateFrameworks/SiriAppIntentsRuntime.framework/siriappintentsd                                                                                                
28600   /System/Library/PrivateFrameworks/HealthContent.framework/healthcontentd                                                                                                         
28601   /System/Library/PrivateFrameworks/ActivitySharingServices.framework/activitysharingd                                                                                             
28603   /usr/libexec/crash_mover                                                                                                                                                         
28605   /usr/libexec/tipsd                                                                                                                                                               
28606   /usr/libexec/swtransparencyd                                                                                                                                                     
28607   /System/Library/Frameworks/Security.framework/XPCServices/TrustedPeersHelper.xpc/TrustedPeersHelper                                                                              
28608   /private/var/containers/Bundle/Application/19BED9FF-22E7-49A7-9F95-425F1E702AF4/Tips.app/PlugIns/TipsWidget.appex/TipsWidget                                                     
28609   /private/var/containers/Bundle/Application/19BED9FF-22E7-49A7-9F95-425F1E702AF4/Tips.app/PlugIns/TipsSpotlightIndex.appex/TipsSpotlightIndex                                     
28611   /System/Library/PrivateFrameworks/ProtectedCloudStorage.framework/Helpers/ProtectedCloudKeySyncing                                                                               
28614   /System/Library/CoreServices/EscrowSecurityAlert.app/EscrowSecurityAlert                                                                                                         
28615   /System/Library/PrivateFrameworks/CloudServices.framework/Helpers/com.apple.sbd                                                                                                  
28618   /usr/libexec/coreduetd                                                                                                                                                           
28621   /Applications/Screen Time.app/PlugIns/ScreenTimeWidgetExtension.appex/ScreenTimeWidgetExtension                                                                                  
28626   /System/Library/PrivateFrameworks/ActivityAwardsServices.framework/activityawardsd                                                                                               
28627   /private/var/containers/Bundle/Application/B661700F-6DEF-4487-BE2B-EF0BFA5CE7AC/Runner.app/Runner                                                                                
28628   /usr/libexec/amfid                                                                                                                                                               
28629   /System/Library/PrivateFrameworks/Categories.framework/XPCServices/CategoriesService.xpc/CategoriesService                                                                       
28630   /System/Library/PrivateFrameworks/FitnessIntelligenceDaemonCore.framework/fitnessintelligenced                                                                                   
28632   /System/Library/PrivateFrameworks/FitnessIntelligenceDaemonCore.framework/XPCServices/FitnessIntelligenceSnapshotService.xpc/FitnessIntelligenceSnapshotService                  
28636   /System/Library/PrivateFrameworks/FitnessIntelligenceDaemonCore.framework/XPCServices/FitnessIntelligenceGLPService.xpc/FitnessIntelligenceGLPService                            
28637   /System/Library/PrivateFrameworks/CascadeSets.framework/XPCServices/SetStoreUpdateService.xpc/SetStoreUpdateService                                                              
28638   /System/Library/ExtensionKit/Extensions/PrivateMLClientInferenceProviderService.appex/PrivateMLClientInferenceProviderService                                                    
28641   /System/Library/PrivateFrameworks/PerfPowerServicesReader.framework/XPCServices/PerfPowerTelemetryReaderService.xpc/PerfPowerTelemetryReaderService                              
28644   /System/Library/PrivateFrameworks/HealthAlgorithms.framework/XPCServices/DayStreamProcessorService.xpc/DayStreamProcessorService                                                 
28645   /System/Library/PrivateFrameworks/HealthAlgorithms.framework/XPCServices/HistoricalAnalyzerService.xpc/HistoricalAnalyzerService                                                 
28648   /private/var/containers/Bundle/Application/F6AB4F30-8667-4C72-976E-A1D9238CD8CA/Health.app/PlugIns/HealthCycleTrackingWidgetExtension.appex/HealthCycleTrackingWidgetExtension   
28655   /Applications/MediaRemoteUI.app/MediaRemoteUI                                                                                                                                    
28656   /System/Library/Frameworks/Intents.framework/XPCServices/intents_helper.xpc/intents_helper                                                                                       
28665   /private/var/containers/Bundle/Application/3194F54D-FA46-49E3-8DDC-38F6B5E9058F/INDmoney.app/INDmoney                                                                            
28666   /Applications/LocalAuthenticationUIService.app/LocalAuthenticationUIService                                                                                                      
28667   /private/preboot/Cryptexes/OS/System/Library/ExtensionKit/Extensions/WebContentExtension.appex/com.apple.WebKit.WebContent                                                       
28668   /private/preboot/Cryptexes/OS/System/Library/ExtensionKit/Extensions/GPUExtension.appex/com.apple.WebKit.GPU                                                                     
28669   /private/preboot/Cryptexes/OS/System/Library/ExtensionKit/Extensions/NetworkingExtension.appex/com.apple.WebKit.Networking                                                       
28670   /System/Library/Frameworks/BrowserEngineKit.framework/XPCServices/BrowserEngineKit.Intermediary.xpc/BrowserEngineKit.Intermediary                                                
28671   /System/Library/Frameworks/Metal.framework/XPCServices/MTLCompilerService.xpc/MTLCompilerService                                                                                 
28672   /System/Library/Frameworks/Metal.framework/XPCServices/MTLCompilerService.xpc/MTLCompilerService                                                                                 
28674   /System/Library/PrivateFrameworks/NanoSystemSettings.framework/nanosystemsettingsd                                                                                               
28675   /System/Library/PrivateFrameworks/CascadeSets.framework/XPCServices/SetStoreUpdateService.xpc/SetStoreUpdateService                                                              
28676   /System/Library/CoreServices/ShortcutsActions.app/Extensions/ShortcutsTopHitsExtension.appex/ShortcutsTopHitsExtension                                                           
28677   /System/Library/Frameworks/Contacts.framework/Support/postersyncd                                                                                                                
28678   /System/Library/Frameworks/Intents.framework/XPCServices/intents_helper.xpc/intents_helper                                                                                       
28679   /System/Library/PrivateFrameworks/CallHistory.framework/Support/callhistoryd                                                                                                     
28682   /System/Library/Frameworks/Intents.framework/XPCServices/intents_helper.xpc/intents_helper                                                                                       
28683   /private/preboot/Cryptexes/OS/System/Library/ExtensionKit/Extensions/WebContentExtension.appex/com.apple.WebKit.WebContent                                                       
28684   /System/Library/PrivateFrameworks/CascadeSets.framework/XPCServices/SetStoreUpdateService.xpc/SetStoreUpdateService                                                              
28685   /System/Library/PrivateFrameworks/CascadeSets.framework/XPCServices/SetStoreUpdateService.xpc/SetStoreUpdateService                                                              
28686   /System/Library/PrivateFrameworks/IMTransferServices.framework/IMTransferAgent.app/IMTransferAgent                                                                               
28688   /System/Library/PrivateFrameworks/AppIntentsLiveEntitySupport.framework/XPCServices/AppIntentsLiveEntityService.xpc/AppIntentsLiveEntityService                                  
28689   /System/Library/PrivateFrameworks/CascadeSets.framework/XPCServices/SetStoreUpdateService.xpc/SetStoreUpdateService                                                              
28691   /usr/libexec/tailspind                                                                                                                                                           
28693   /System/Library/PrivateFrameworks/PairedUnlock.framework/pairedunlockd                                                                                                           
28696   /System/Library/PrivateFrameworks/NanoAppRegistry.framework/Support/nanoappregistryd                                                                                             
28697   /Applications/ReplayKitAngel.app/ReplayKitAngel                                                                                                                                  
28700   /usr/libexec/online-auth-agent                                                                                                                                                   
28701   /usr/libexec/seputil                                                                                                                                                             
28703   /System/Library/Frameworks/PassKit.framework/PlugIns/PassKitEngagementExtension.appex/PassKitEngagementExtension                                                                 
28705   /usr/libexec/corerepaird                                                                                                                                                         
28706   /usr/libexec/magicswitchd                                                                                                                                                        
28707   /System/Library/PrivateFrameworks/SetupAssistant.framework/budd                                                                                                                  
28708   /System/Library/ExtensionKit/Extensions/GenerativeExperiencesSafetyInferenceProvider.appex/GenerativeExperiencesSafetyInferenceProvider                                          
28709   /System/Library/ExtensionKit/Extensions/TGOnDeviceInferenceProviderService.appex/TGOnDeviceInferenceProviderService                                                              
28712   /System/Library/PrivateFrameworks/CoreAnalytics.framework/Support/analyticsagent                                                                                                 
28713   /usr/libexec/uarpassetmanagerd                                                                                                                                                   
28715   /System/Library/PrivateFrameworks/UARPAssetManager.framework/XPCServices/UARPAssetManagerServiceMobileAsset.xpc/UARPAssetManagerServiceMobileAsset                               
28718   /usr/libexec/sharereportingd                                                                                                                                                     
28719   /usr/libexec/driverkitd                                                                                                                                                          
28720   /System/Library/PrivateFrameworks/CoreAccessoriesFeatures.framework/XPCServices/ACCFeatureAudioProductService.xpc/ACCFeatureAudioProductService                                  
28721   /System/Library/PrivateFrameworks/CoreSpeech.framework/XPCServices/CoreSpeechXPC.xpc/CoreSpeechXPC                                                                               
28722   /usr/libexec/seserviced                                                                                                                                                          
28723   /System/Library/PrivateFrameworks/FontServices.framework/XPCServices/UserFontManager.xpc/UserFontManager                                                                         
28724   /private/var/containers/Bundle/Application/A80E612A-2BE2-4196-A023-2907EE28B331/Bumble.app/Bumble                                                                                
28725   /private/preboot/Cryptexes/OS/System/Library/ExtensionKit/Extensions/WebContentExtension.appex/com.apple.WebKit.WebContent                                                       
28726   /private/preboot/Cryptexes/OS/System/Library/ExtensionKit/Extensions/GPUExtension.appex/com.apple.WebKit.GPU                                                                     
28727   /private/preboot/Cryptexes/OS/System/Library/ExtensionKit/Extensions/NetworkingExtension.appex/com.apple.WebKit.Networking                                                       
28728   /System/Library/Frameworks/BrowserEngineKit.framework/XPCServices/BrowserEngineKit.Intermediary.xpc/BrowserEngineKit.Intermediary                                                
28729   /usr/libexec/fairplaydeviceidentityd                                                                                                                                             
28730   /usr/libexec/lockdownd                                                                                                                                                           
28731   /usr/libexec/SensorKitALSHelper                                                                                                                                                  
28738   /private/var/containers/Bundle/Application/E7E153E0-220F-4706-BBD9-914FEBB33B2E/Superset.app/Superset                                                                            
28741   /private/var/containers/Bundle/Application/F6003707-55BC-4664-9724-55611CE2B7E7/ChatGPT.app/PlugIns/NotificationServiceExtension.appex/NotificationServiceExtension              
28742   /System/Library/PrivateFrameworks/CallAudioServiceClient.framework/XPCServices/CallAudioService.xpc/CallAudioService                                                             
28743   /System/Library/PrivateFrameworks/CommunicationTrust.framework/Support/communicationtrustd                                                                                       
28744   /System/Library/Frameworks/CallKit.framework/XPCServices/com.apple.CallKit.CallDirectory.xpc/com.apple.CallKit.CallDirectory                                                     
28745   /System/Library/PrivateFrameworks/MessagesBlastDoorSupport.framework/XPCServices/MessagesBlastDoorService.xpc/MessagesBlastDoorService                                           
28747   /System/Library/Frameworks/AudioToolbox.framework/XPCServices/AudioConverterService.xpc/AudioConverterService                                                                    
28748   /System/Library/Frameworks/Speech.framework/XPCServices/localspeechrecognition.xpc/localspeechrecognition                                                                        
28749   /Applications/WidgetRenderer_Activities.app/WidgetRenderer_Activities                                                                                                            
28750   /Applications/InCallService.app/PlugIns/InCallActivitiesExtension.appex/InCallActivitiesExtension                                                                                
28754   /Applications/InCallService.app/PlugIns/InCallActivitiesExtension.appex/InCallActivitiesExtension                                                                                
28755   /System/Library/PrivateFrameworks/SiriTTSService.framework/sirittsd                                                                                                              
28758   /System/Library/PrivateFrameworks/CallIntelligence.framework/callintelligenced                                                                                                   
28759   /System/Library/Frameworks/Speech.framework/XPCServices/localspeechrecognition.xpc/localspeechrecognition                                                                        
28767   /private/var/containers/Bundle/Application/0B86819B-B73A-4958-B635-28E77A674D59/MobileSMS.app/MobileSMS                                                                          
28768   /System/Library/PrivateFrameworks/SensorKitHelper.framework/XPCServices/com.apple.SensorKit.SKMediaEventsHelper.xpc/com.apple.SensorKit.SKMediaEventsHelper                      
28769   /System/Library/PrivateFrameworks/BusinessChatService.framework/businessservicesd                                                                                                
28770   /System/Library/PrivateFrameworks/MessagesBlastDoorSupport.framework/XPCServices/MessagesBlastDoorService.xpc/MessagesBlastDoorService                                           
28775   /usr/libexec/NANDTaskScheduler                                                                                                                                                   
28791   /System/Library/PrivateFrameworks/HRTFEnrollment.framework/XPCServices/HRTFEnrollmentService.xpc/HRTFEnrollmentService                                                           
28794   /System/Library/PrivateFrameworks/TelephonyUtilities.framework/callservicesd                                                                                                     
28795   /System/Library/PrivateFrameworks/TelephonyUtilities.framework/XPCServices/com.apple.FaceTime.FTConversationService.xpc/com.apple.FaceTime.FTConversationService                 
28796   /System/Library/Frameworks/Speech.framework/XPCServices/localspeechrecognition.xpc/localspeechrecognition                                                                        
28797   /System/Library/Frameworks/CallKit.framework/XPCServices/com.apple.CallKit.CallDirectoryMaintenance.xpc/com.apple.CallKit.CallDirectoryMaintenance                               
28798   /System/Library/PrivateFrameworks/MessagesBlastDoorSupport.framework/XPCServices/MessagesBlastDoorService.xpc/MessagesBlastDoorService                                           
28807   /System/Library/Frameworks/CoreTelephony.framework/Support/CTParser.framework/XPCServices/CTParserService.xpc/CTParserService                                                    
28808   /System/Library/PrivateFrameworks/MessagesBlastDoorSupport.framework/XPCServices/UnknownSendersBlastDoorService.xpc/UnknownSendersBlastDoorService                               
28809   /System/Library/PrivateFrameworks/CascadeSets.framework/XPCServices/SetStoreUpdateService.xpc/SetStoreUpdateService                                                              
28810   /private/var/containers/Bundle/Application/0B86819B-B73A-4958-B635-28E77A674D59/MobileSMS.app/PlugIns/MessagesAssistantExtension.appex/MessagesAssistantExtension                
28811   /System/Library/PrivateFrameworks/CoreLocationTiles.framework/XPCServices/TilesService.xpc/TilesService                                                                          
28813   /private/var/containers/Bundle/Application/5D894B7B-42BB-4E8D-903D-B4E2D37C4784/Maps.app/PlugIns/GeneralMapsWidget.appex/GeneralMapsWidget                                       
28820   /usr/libexec/momentsd                                                                                                                                                            
28821   /private/var/containers/Bundle/Application/66907C23-2E09-4195-AD89-B82A75D2DAB4/MobileSafari.app/MobileSafari                                                                    
28823   /private/preboot/Cryptexes/OS/System/Library/ExtensionKit/Extensions/NetworkingExtension.appex/com.apple.WebKit.Networking                                                       
28824   /private/preboot/Cryptexes/OS/System/Library/ExtensionKit/Extensions/GPUExtension.appex/com.apple.WebKit.GPU                                                                     
28826   /System/Library/Frameworks/BrowserEngineKit.framework/XPCServices/BrowserEngineKit.Intermediary.xpc/BrowserEngineKit.Intermediary                                                
28827   /private/preboot/Cryptexes/OS/System/Library/PrivateFrameworks/SafariShared.framework/XPCServices/com.apple.Safari.SearchHelper.xpc/com.apple.Safari.SearchHelper                
28832   /private/preboot/Cryptexes/OS/System/Library/ExtensionKit/Extensions/WebContentExtension.appex/com.apple.WebKit.WebContent                                                       
28833   /private/preboot/Cryptexes/OS/System/Library/ExtensionKit/Extensions/WebContentExtension.appex/com.apple.WebKit.WebContent                                                       
28834   /private/preboot/Cryptexes/OS/System/Library/ExtensionKit/Extensions/WebContentExtension.appex/com.apple.WebKit.WebContent                                                       
28835   /System/Library/PrivateFrameworks/CascadeSets.framework/XPCServices/SetStoreUpdateService.xpc/SetStoreUpdateService                                                              
28837   /private/preboot/Cryptexes/OS/System/Library/ExtensionKit/Extensions/WebContentEnhancedSecurityExtension.appex/com.apple.WebKit.WebContent.EnhancedSecurity                      
28838   /private/preboot/Cryptexes/OS/System/Library/ExtensionKit/Extensions/WebContentEnhancedSecurityExtension.appex/com.apple.WebKit.WebContent.EnhancedSecurity                      
28839   /private/preboot/Cryptexes/OS/System/Library/ExtensionKit/Extensions/NetworkingExtension.appex/com.apple.WebKit.Networking                                                       
28840   /private/preboot/Cryptexes/OS/System/Library/ExtensionKit/Extensions/GPUExtension.appex/com.apple.WebKit.GPU                                                                     
28841   /System/Library/PrivateFrameworks/CoreSVG.framework/PlugIns/com.apple.CoreSVG.thumbnail.appex/com.apple.CoreSVG.thumbnail                                                        
28842   /System/Library/PrivateFrameworks/CascadeSets.framework/XPCServices/SetStoreUpdateService.xpc/SetStoreUpdateService                                                              
28843   /usr/libexec/textcontextd                                                                                                                                                        
28844   /usr/libexec/ciphermld                                                                                                                                                           
28845   /private/preboot/Cryptexes/OS/System/Library/ExtensionKit/Extensions/WebContentEnhancedSecurityExtension.appex/com.apple.WebKit.WebContent.EnhancedSecurity                      
28846   /private/preboot/Cryptexes/OS/System/Library/ExtensionKit/Extensions/NetworkingExtension.appex/com.apple.WebKit.Networking                                                       
28853   /private/preboot/Cryptexes/OS/System/Library/ExtensionKit/Extensions/NetworkingExtension.appex/com.apple.WebKit.Networking                                                       
28854   /System/Library/ExtensionKit/Extensions/TGOnDeviceInferenceProviderService.appex/TGOnDeviceInferenceProviderService                                                              
28855   /private/var/containers/Bundle/Application/DCA4454C-B111-442E-AA2F-9A7EDE202080/Twitter.app/PlugIns/TwitterNotificationServiceExtension.appex/TwitterNotificationServiceExtension
28856   /System/Library/Frameworks/Intents.framework/XPCServices/intents_helper.xpc/intents_helper                                                                                       
28857   /System/Library/Frameworks/Intents.framework/XPCServices/intents_helper.xpc/intents_helper                                                                                       
28858   /private/preboot/Cryptexes/OS/System/Library/ExtensionKit/Extensions/WebContentEnhancedSecurityExtension.appex/com.apple.WebKit.WebContent.EnhancedSecurity                      
28859   /System/Library/Frameworks/Intents.framework/XPCServices/intents_helper.xpc/intents_helper                                                                                       
28861   /private/var/containers/Bundle/Application/3194F54D-FA46-49E3-8DDC-38F6B5E9058F/INDmoney.app/PlugIns/NotificationService.appex/NotificationService                               
28862   /System/Library/ExtensionKit/Extensions/ImageThumbnailExtension.appex/ImageThumbnailExtension                                                                                    
28863   /System/Library/ExtensionKit/Extensions/Notification.appex/Notification                                                                                                          
28864   /System/Library/PrivateFrameworks/ThumbnailsBlastDoorSupport.framework/XPCServices/ThumbnailsBlastDoorService.xpc/ThumbnailsBlastDoorService                                     
28874   /private/preboot/Cryptexes/OS/System/Library/ExtensionKit/Extensions/WebContentExtension.appex/com.apple.WebKit.WebContent                                                       
28875   /usr/libexec/notification_proxy                                                                                                                                                  
28876   /System/Developer/usr/libexec/dtdeviceinfod                                                                                                                                      
28877   /usr/libexec/mobile_assertion_agent                                                                                                                                              
28878   /usr/libexec/logd_helper                                                                                                                                                         
28879   /usr/libexec/mobile_storage_proxy                                                                                                                                                
28880   /System/Developer/usr/libexec/dtappserviced                                                                                                                                      
